Method,Class,Correct,Total,Accuracy
FedAvg,0,950,1000,0.95
FedAvg,1,958,1000,0.958
FedAvg,2,710,1000,0.71
FedAvg,3,633,1000,0.633
FedAvg,4,582,1000,0.582
FedAvg,5,426,1000,0.426
FedAvg,6,614,1000,0.614
FedAvg,7,477,1000,0.477
FedAvg,8,253,1000,0.253
FedAvg,9,123,1000,0.123
FedProx,0,964,1000,0.964
FedProx,1,956,1000,0.956
FedProx,2,696,1000,0.696
FedProx,3,661,1000,0.661
FedProx,4,629,1000,0.629
FedProx,5,420,1000,0.42
FedProx,6,587,1000,0.587
FedProx,7,437,1000,0.437
FedProx,8,236,1000,0.236
FedProx,9,181,1000,0.181
FedBN,0,996,1000,0.996
FedBN,1,685,1000,0.685
FedBN,2,88,1000,0.088
FedBN,3,236,1000,0.236
FedBN,4,272,1000,0.272
FedBN,5,200,1000,0.2
FedBN,6,210,1000,0.21
FedBN,7,164,1000,0.164
FedBN,8,4,1000,0.004
FedBN,9,5,1000,0.005
FedRS,0,785,1000,0.785
FedRS,1,924,1000,0.924
FedRS,2,807,1000,0.807
FedRS,3,675,1000,0.675
FedRS,4,687,1000,0.687
FedRS,5,565,1000,0.565
FedRS,6,656,1000,0.656
FedRS,7,484,1000,0.484
FedRS,8,358,1000,0.358
FedRS,9,357,1000,0.357
FEDIC,0,957,1000,0.957
FEDIC,1,943,1000,0.943
FEDIC,2,729,1000,0.729
FEDIC,3,575,1000,0.575
FEDIC,4,524,1000,0.524
FEDIC,5,390,1000,0.39
FEDIC,6,587,1000,0.587
FEDIC,7,442,1000,0.442
FEDIC,8,173,1000,0.173
FEDIC,9,116,1000,0.116
CReFF,0,966,1000,0.966
CReFF,1,929,1000,0.929
CReFF,2,676,1000,0.676
CReFF,3,637,1000,0.637
CReFF,4,620,1000,0.62
CReFF,5,534,1000,0.534
CReFF,6,624,1000,0.624
CReFF,7,499,1000,0.499
CReFF,8,172,1000,0.172
CReFF,9,227,1000,0.227
